{"stats":{"minecraft:killed":{"minecraft:spider":1,"minecraft:chicken":1,"minecraft:pig":4,"minecraft:squid":10,"minecraft:sheep":4,"minecraft:zombie":1,"minecraft:cow":2},"minecraft:custom":{"minecraft:mob_kills":24,"minecraft:interact_with_crafting_table":39,"minecraft:leave_game":1,"minecraft:time_since_death":138509,"minecraft:climb_one_cm":1946,"minecraft:sprint_one_cm":14796,"minecraft:walk_one_cm":1489817,"minecraft:drop":66,"minecraft:deaths":1,"minecraft:sneak_time":5857,"minecraft:walk_under_water_one_cm":87530,"minecraft:jump":1967,"minecraft:walk_on_water_one_cm":98748,"minecraft:interact_with_furnace":53,"minecraft:play_one_minute":232686,"minecraft:interact_with_stonecutter":2,"minecraft:sleep_in_bed":19,"minecraft:time_since_rest":13374,"minecraft:damage_taken":925,"minecraft:damage_dealt":2598,"minecraft:swim_one_cm":430,"minecraft:fly_one_cm":3426,"minecraft:open_chest":15,"minecraft:crouch_one_cm":21206,"minecraft:fall_one_cm":27805},"minecraft:picked_up":{"minecraft:wooden_axe":1,"minecraft:crafting_table":7,"minecraft:chicken":1,"minecraft:clay_ball":664,"minecraft:oak_stairs":140,"minecraft:brick":4,"minecraft:iron_axe":1,"minecraft:wooden_sword":2,"minecraft:beef":4,"minecraft:poppy":2,"minecraft:light_gray_wool":1,"minecraft:birch_sapling":33,"minecraft:stick":11,"minecraft:oak_fence":7,"minecraft:torch":21,"minecraft:porkchop":16,"minecraft:stone_sword":1,"minecraft:arrow":4,"minecraft:rotten_flesh":5,"minecraft:stone_shovel":2,"minecraft:white_terracotta":115,"minecraft:mutton":10,"minecraft:white_wool":3,"minecraft:cobblestone":268,"minecraft:stripped_oak_log":15,"minecraft:birch_log":609,"minecraft:mossy_cobblestone_slab":4,"minecraft:andesite":11,"minecraft:leather":4,"minecraft:light_gray_dye":16,"minecraft:oak_log":78,"minecraft:yellow_bed":3,"minecraft:cobblestone_stairs":1,"minecraft:dirt":264,"minecraft:glass":3,"minecraft:bone":1,"minecraft:bow":2,"minecraft:wheat_seeds":11,"minecraft:iron_ore":6,"minecraft:oak_fence_gate":1,"minecraft:birch_wood":3,"minecraft:iron_ingot":1,"minecraft:stone_pickaxe":2,"minecraft:oak_planks":245,"minecraft:light_gray_stained_glass":8,"minecraft:pumpkin":3,"minecraft:dandelion":1,"minecraft:gravel":2,"minecraft:sand":196,"minecraft:ink_sac":16,"minecraft:white_bed":13,"minecraft:mossy_cobblestone":12,"minecraft:stone_axe":2,"minecraft:granite":17,"minecraft:terracotta":1,"minecraft:oak_sapling":1,"minecraft:bricks":13,"minecraft:coal":108},"minecraft:broken":{"minecraft:iron_shovel":1,"minecraft:wooden_shovel":1,"minecraft:stone_pickaxe":3,"minecraft:iron_axe":2,"minecraft:stone_axe":3},"minecraft:mined":{"minecraft:white_bed":9,"minecraft:mossy_cobblestone":5,"minecraft:cobblestone_stairs":1,"minecraft:granite":1,"minecraft:grass_block":122,"minecraft:black_stained_glass_pane":6,"minecraft:iron_ore":6,"minecraft:andesite":14,"minecraft:pumpkin":1,"minecraft:oak_stairs":72,"minecraft:stripped_oak_log":8,"minecraft:stone":141,"minecraft:glass_pane":15,"minecraft:dandelion":1,"minecraft:oak_fence":7,"minecraft:clay":85,"minecraft:crafting_table":9,"minecraft:poppy":1,"minecraft:glass":22,"minecraft:cobblestone":80,"minecraft:birch_wood":4,"minecraft:oak_planks":114,"minecraft:bricks":11,"minecraft:wall_torch":3,"minecraft:white_terracotta":36,"minecraft:seagrass":6,"minecraft:black_stained_glass":8,"minecraft:birch_log":439,"minecraft:birch_leaves":97,"minecraft:yellow_bed":3,"minecraft:grass":36,"minecraft:oak_log":59,"minecraft:coal_ore":83,"minecraft:oak_fence_gate":1,"minecraft:sand":203,"minecraft:gravel":3,"minecraft:dirt":38,"minecraft:oak_leaves":21},"minecraft:crafted":{"minecraft:brick":368,"minecraft:black_dye":16,"minecraft:wooden_sword":1,"minecraft:oak_planks":112,"minecraft:stone_shovel":2,"minecraft:birch_wood":3,"minecraft:light_gray_stained_glass":8,"minecraft:furnace":4,"minecraft:cooked_mutton":6,"minecraft:glass_pane":64,"minecraft:glass":64,"minecraft:iron_axe":2,"minecraft:stone_pickaxe":4,"minecraft:chest":2,"minecraft:bricks":86,"minecraft:wooden_shovel":1,"minecraft:cooked_porkchop":3,"minecraft:crafting_table":7,"minecraft:wooden_pickaxe":1,"minecraft:stone_axe":3,"minecraft:air":0,"minecraft:black_stained_glass":8,"minecraft:stick":112,"minecraft:iron_ingot":10,"minecraft:wooden_axe":1,"minecraft:stone_sword":1,"minecraft:black_stained_glass_pane":48,"minecraft:iron_shovel":1,"minecraft:torch":92},"minecraft:dropped":{"minecraft:wheat_seeds":9,"minecraft:mossy_cobblestone":1,"minecraft:crafting_table":1,"minecraft:oak_fence":7,"minecraft:cobblestone":7,"minecraft:leather":4,"minecraft:granite":17,"minecraft:stick":5,"minecraft:cobblestone_stairs":1,"minecraft:dirt":3,"minecraft:torch":4,"minecraft:light_gray_stained_glass":8,"minecraft:oak_stairs":76,"minecraft:wooden_sword":3,"minecraft:birch_log":3,"minecraft:white_wool":3,"minecraft:dandelion":1,"minecraft:bone":1,"minecraft:gravel":2,"minecraft:stone_axe":2,"minecraft:stone_sword":1,"minecraft:birch_sapling":2,"minecraft:stone_shovel":3,"minecraft:rotten_flesh":1,"minecraft:clay_ball":8,"minecraft:white_terracotta":40,"minecraft:white_bed":1,"minecraft:glass_pane":14,"minecraft:poppy":2,"minecraft:oak_fence_gate":1,"minecraft:yellow_bed":1,"minecraft:light_gray_dye":15,"minecraft:glass":1,"minecraft:arrow":3,"minecraft:wooden_pickaxe":1,"minecraft:stone_pickaxe":1,"minecraft:terracotta":1},"minecraft:used":{"minecraft:stone_sword":40,"minecraft:iron_shovel":250,"minecraft:stone_shovel":133,"minecraft:chest":2,"minecraft:white_terracotta":7,"minecraft:wooden_shovel":59,"minecraft:torch":18,"minecraft:dirt":137,"minecraft:glass":22,"minecraft:wooden_axe":58,"minecraft:bricks":59,"minecraft:black_stained_glass_pane":48,"minecraft:iron_axe":498,"minecraft:bow":2,"minecraft:black_stained_glass":8,"minecraft:furnace":4,"minecraft:pumpkin":1,"minecraft:cooked_mutton":3,"minecraft:stone_pickaxe":404,"minecraft:oak_planks":28,"minecraft:birch_wood":4,"minecraft:wooden_pickaxe":12,"minecraft:crafting_table":12,"minecraft:white_bed":11,"minecraft:oak_log":30,"minecraft:chicken":1,"minecraft:stone_axe":283,"minecraft:wooden_sword":6,"minecraft:cobblestone":9,"minecraft:cooked_porkchop":3,"minecraft:andesite":2,"minecraft:birch_log":338,"minecraft:glass_pane":2,"minecraft:yellow_bed":2,"minecraft:stripped_oak_log":3}},"DataVersion":2230}