{"stats":{"minecraft:killed":{"minecraft:skeleton":1,"minecraft:chicken":1,"minecraft:pig":3,"minecraft:salmon":17,"minecraft:creeper":1,"minecraft:squid":9},"minecraft:custom":{"minecraft:mob_kills":32,"minecraft:interact_with_crafting_table":70,"minecraft:bell_ring":50,"minecraft:leave_game":1,"minecraft:time_since_death":206418,"minecraft:climb_one_cm":3236,"minecraft:sprint_one_cm":5419,"minecraft:walk_one_cm":1378066,"minecraft:drop":36,"minecraft:deaths":2,"minecraft:sneak_time":63,"minecraft:walk_under_water_one_cm":123730,"minecraft:jump":2899,"minecraft:walk_on_water_one_cm":84802,"minecraft:interact_with_furnace":64,"minecraft:play_one_minute":303386,"minecraft:interact_with_stonecutter":9,"minecraft:sleep_in_bed":26,"minecraft:time_since_rest":3648,"minecraft:damage_taken":1962,"minecraft:damage_dealt":2457,"minecraft:fly_one_cm":5275,"minecraft:swim_one_cm":4924,"minecraft:open_chest":63,"minecraft:crouch_one_cm":409,"minecraft:fall_one_cm":43894},"minecraft:picked_up":{"minecraft:crafting_table":3,"minecraft:clay_ball":512,"minecraft:wooden_pickaxe":1,"minecraft:oak_stairs":190,"minecraft:cornflower":5,"minecraft:string":5,"minecraft:wooden_sword":3,"minecraft:glass_pane":14,"minecraft:poppy":68,"minecraft:iron_pickaxe":1,"minecraft:chest":3,"minecraft:birch_sapling":2,"minecraft:egg":14,"minecraft:furnace":1,"minecraft:stick":1,"minecraft:sandstone":106,"minecraft:oak_door":9,"minecraft:oak_fence":21,"minecraft:torch":40,"minecraft:porkchop":7,"minecraft:diorite":372,"minecraft:light_gray_stained_glass_pane":5,"minecraft:stone_sword":2,"minecraft:arrow":6,"minecraft:rotten_flesh":5,"minecraft:stone_shovel":1,"minecraft:white_terracotta":200,"minecraft:cobblestone":913,"minecraft:oxeye_daisy":51,"minecraft:stripped_oak_log":7,"minecraft:birch_log":27,"minecraft:andesite":37,"minecraft:salmon":17,"minecraft:flint":4,"minecraft:light_gray_dye":32,"minecraft:oak_log":117,"minecraft:yellow_bed":7,"minecraft:dirt":588,"minecraft:polished_granite":68,"minecraft:glass":1,"minecraft:bone":1,"minecraft:stone_bricks":4,"minecraft:stonecutter":3,"minecraft:wheat_seeds":21,"minecraft:stone_pickaxe":4,"minecraft:oak_fence_gate":4,"minecraft:iron_ore":131,"minecraft:stripped_oak_wood":8,"minecraft:oak_planks":200,"minecraft:light_gray_stained_glass":8,"minecraft:cooked_porkchop":2,"minecraft:dandelion":6,"minecraft:gravel":29,"minecraft:sand":122,"minecraft:ink_sac":20,"minecraft:white_bed":18,"minecraft:spider_eye":2,"minecraft:mossy_cobblestone":20,"minecraft:oak_wood":3,"minecraft:granite":307,"minecraft:bone_meal":1,"minecraft:terracotta":11,"minecraft:bricks":1,"minecraft:coal":203},"minecraft:killed_by":{"minecraft:skeleton":2},"minecraft:broken":{"minecraft:iron_shovel":1,"minecraft:wooden_pickaxe":2,"minecraft:stone_pickaxe":5,"minecraft:iron_pickaxe":3,"minecraft:wooden_axe":2,"minecraft:stone_shovel":1},"minecraft:mined":{"minecraft:white_bed":13,"minecraft:light_gray_stained_glass_pane":3,"minecraft:mossy_cobblestone":9,"minecraft:granite":223,"minecraft:grass_block":259,"minecraft:oxeye_daisy":15,"minecraft:sandstone":111,"minecraft:black_stained_glass_pane":1,"minecraft:furnace":1,"minecraft:iron_ore":54,"minecraft:andesite":21,"minecraft:oak_stairs":88,"minecraft:stripped_oak_log":3,"minecraft:stone":535,"minecraft:glass_pane":2,"minecraft:dandelion":5,"minecraft:polished_granite":77,"minecraft:cornflower":5,"minecraft:clay":130,"minecraft:oak_fence":8,"minecraft:crafting_table":1,"minecraft:torch":1,"minecraft:poppy":10,"minecraft:chest":3,"minecraft:glass":1,"minecraft:cobblestone":13,"minecraft:oak_planks":35,"minecraft:bricks":1,"minecraft:diorite":234,"minecraft:wall_torch":13,"minecraft:seagrass":1,"minecraft:white_terracotta":70,"minecraft:light_gray_stained_glass":1,"minecraft:birch_log":28,"minecraft:birch_leaves":10,"minecraft:stripped_oak_wood":3,"minecraft:yellow_bed":5,"minecraft:grass_path":1,"minecraft:grass":20,"minecraft:coal_ore":103,"minecraft:oak_log":62,"minecraft:oak_fence_gate":1,"minecraft:gravel":17,"minecraft:sand":118,"minecraft:dirt":334,"minecraft:terracotta":2,"minecraft:stonecutter":2,"minecraft:stone_bricks":4,"minecraft:oak_leaves":16},"minecraft:crafted":{"minecraft:brick":272,"minecraft:black_dye":5,"minecraft:oak_planks":128,"minecraft:stone_shovel":1,"minecraft:birch_wood":3,"minecraft:cut_sandstone":104,"minecraft:light_gray_stained_glass":8,"minecraft:furnace":3,"minecraft:stone":214,"minecraft:flint_and_steel":1,"minecraft:glass":44,"minecraft:iron_boots":1,"minecraft:stone_pickaxe":5,"minecraft:chest":4,"minecraft:bricks":69,"minecraft:stone_bricks":108,"minecraft:cooked_porkchop":7,"minecraft:crafting_table":1,"minecraft:wooden_pickaxe":1,"minecraft:iron_helmet":1,"minecraft:cooked_salmon":8,"minecraft:polished_granite":128,"minecraft:oak_wood":6,"minecraft:stone_axe":1,"minecraft:blue_dye":5,"minecraft:black_stained_glass":24,"minecraft:iron_chestplate":1,"minecraft:stick":48,"minecraft:iron_ingot":53,"minecraft:iron_pickaxe":4,"minecraft:wooden_axe":2,"minecraft:stone_sword":1,"minecraft:black_stained_glass_pane":32,"minecraft:iron_shovel":2,"minecraft:iron_leggings":1,"minecraft:light_gray_dye":17,"minecraft:torch":12,"minecraft:light_gray_stained_glass_pane":8,"minecraft:shears":1},"minecraft:dropped":{"minecraft:oak_log":18,"minecraft:cooked_porkchop":1,"minecraft:cobblestone":118,"minecraft:dirt":52,"minecraft:light_gray_stained_glass":8,"minecraft:wooden_sword":2,"minecraft:string":2,"minecraft:dandelion":1,"minecraft:bone":1,"minecraft:rotten_flesh":4,"minecraft:oak_planks":129,"minecraft:stripped_oak_log":1,"minecraft:white_bed":1,"minecraft:poppy":12,"minecraft:oak_fence_gate":1,"minecraft:yellow_bed":1,"minecraft:spider_eye":1,"minecraft:light_gray_dye":16,"minecraft:stone_pickaxe":1,"minecraft:arrow":2,"minecraft:glass":3,"minecraft:egg":7,"minecraft:terracotta":3},"minecraft:used":{"minecraft:stone_sword":8,"minecraft:iron_shovel":307,"minecraft:light_gray_stained_glass_pane":3,"minecraft:stone_shovel":128,"minecraft:chest":7,"minecraft:cooked_salmon":8,"minecraft:oak_door":4,"minecraft:torch":33,"minecraft:dirt":329,"minecraft:oak_wood":3,"minecraft:wooden_axe":121,"minecraft:bricks":59,"minecraft:light_gray_stained_glass":1,"minecraft:black_stained_glass_pane":12,"minecraft:oak_stairs":6,"minecraft:brick_stairs":1,"minecraft:stone_bricks":104,"minecraft:black_stained_glass":6,"minecraft:furnace":4,"minecraft:stone_pickaxe":629,"minecraft:birch_wood":3,"minecraft:oak_planks":57,"minecraft:wooden_pickaxe":116,"minecraft:stonecutter":2,"minecraft:crafting_table":4,"minecraft:white_bed":10,"minecraft:iron_pickaxe":835,"minecraft:polished_granite":121,"minecraft:stone_axe":77,"minecraft:wooden_sword":21,"minecraft:cobblestone":7,"minecraft:cooked_porkchop":7,"minecraft:yellow_bed":4}},"DataVersion":2230}