{"stats":{"minecraft:killed":{"minecraft:skeleton":5,"minecraft:chicken":1,"minecraft:pig":2,"minecraft:salmon":7,"minecraft:squid":1,"minecraft:sheep":1,"minecraft:zombie":1,"minecraft:villager":1,"minecraft:cow":1},"minecraft:custom":{"minecraft:mob_kills":20,"minecraft:animals_bred":1,"minecraft:interact_with_crafting_table":53,"minecraft:leave_game":2,"minecraft:time_since_death":93530,"minecraft:climb_one_cm":29844,"minecraft:sprint_one_cm":4523,"minecraft:walk_one_cm":1711132,"minecraft:damage_blocked_by_shield":345,"minecraft:drop":46,"minecraft:talked_to_villager":17,"minecraft:deaths":2,"minecraft:sneak_time":515,"minecraft:walk_under_water_one_cm":181295,"minecraft:jump":2783,"minecraft:walk_on_water_one_cm":150470,"minecraft:interact_with_furnace":29,"minecraft:play_one_minute":303551,"minecraft:interact_with_stonecutter":3,"minecraft:sleep_in_bed":27,"minecraft:time_since_rest":3602,"minecraft:damage_taken":1254,"minecraft:damage_dealt":1965,"minecraft:swim_one_cm":160,"minecraft:fly_one_cm":5301,"minecraft:open_chest":20,"minecraft:crouch_one_cm":978,"minecraft:fall_one_cm":22299},"minecraft:picked_up":{"minecraft:iron_chestplate":1,"minecraft:crafting_table":7,"minecraft:wheat":2,"minecraft:chicken":2,"minecraft:ladder":1,"minecraft:clay_ball":120,"minecraft:wooden_pickaxe":3,"minecraft:oak_stairs":168,"minecraft:stone_brick_stairs":3,"minecraft:shield":1,"minecraft:oak_trapdoor":4,"minecraft:iron_axe":1,"minecraft:iron_leggings":1,"minecraft:iron_shovel":1,"minecraft:glass_pane":6,"minecraft:beef":2,"minecraft:rose_bush":1,"minecraft:birch_sapling":6,"minecraft:iron_boots":1,"minecraft:egg":5,"minecraft:furnace":1,"minecraft:stick":20,"minecraft:sandstone":1,"minecraft:stone":43,"minecraft:oak_door":6,"minecraft:oak_fence":148,"minecraft:torch":24,"minecraft:porkchop":4,"minecraft:diorite":80,"minecraft:arrow":3,"minecraft:rotten_flesh":6,"minecraft:white_terracotta":38,"minecraft:mutton":2,"minecraft:cobblestone":658,"minecraft:oxeye_daisy":2,"minecraft:stripped_oak_log":16,"minecraft:birch_log":44,"minecraft:feather":6,"minecraft:salmon":10,"minecraft:leather":4,"minecraft:red_mushroom":19,"minecraft:birch_planks":21,"minecraft:flint":8,"minecraft:oak_log":151,"minecraft:yellow_bed":9,"minecraft:cobblestone_stairs":12,"minecraft:dirt":753,"minecraft:polished_granite":2,"minecraft:cooked_mutton":1,"minecraft:glass":38,"minecraft:bone":8,"minecraft:stone_bricks":1,"minecraft:stonecutter":2,"minecraft:wheat_seeds":94,"minecraft:iron_ingot":5,"minecraft:birch_wood":12,"minecraft:bell":2,"minecraft:oak_fence_gate":4,"minecraft:stone_pickaxe":2,"minecraft:iron_ore":65,"minecraft:stripped_oak_wood":2,"minecraft:iron_sword":2,"minecraft:oak_planks":116,"minecraft:light_gray_stained_glass":8,"minecraft:pumpkin":8,"minecraft:dandelion":5,"minecraft:lava_bucket":1,"minecraft:gravel":54,"minecraft:sand":417,"minecraft:ink_sac":5,"minecraft:white_bed":5,"minecraft:mossy_cobblestone":11,"minecraft:polished_diorite_stairs":5,"minecraft:oak_wood":1,"minecraft:polished_diorite":69,"minecraft:stone_axe":5,"minecraft:iron_helmet":1,"minecraft:granite":30,"minecraft:oak_sapling":1,"minecraft:black_wool":1,"minecraft:coal":173},"minecraft:killed_by":{"minecraft:skeleton":1},"minecraft:broken":{"minecraft:iron_shovel":3,"minecraft:stone_hoe":1,"minecraft:stone_pickaxe":2,"minecraft:stone_axe":1,"minecraft:iron_pickaxe":2,"minecraft:stone_shovel":1},"minecraft:mined":{"minecraft:white_bed":5,"minecraft:farmland":2,"minecraft:mossy_cobblestone":11,"minecraft:cobblestone_stairs":4,"minecraft:granite":12,"minecraft:grass_block":395,"minecraft:polished_diorite":5,"minecraft:oxeye_daisy":1,"minecraft:oak_trapdoor":2,"minecraft:furnace":1,"minecraft:iron_ore":65,"minecraft:andesite":1,"minecraft:pumpkin":6,"minecraft:azure_bluet":1,"minecraft:bell":1,"minecraft:oak_stairs":50,"minecraft:stripped_oak_log":8,"minecraft:stone":418,"minecraft:glass_pane":8,"minecraft:dandelion":8,"minecraft:polished_granite":2,"minecraft:oak_fence":49,"minecraft:clay":27,"minecraft:crafting_table":8,"minecraft:torch":3,"minecraft:oak_wood":4,"minecraft:poppy":1,"minecraft:glass":4,"minecraft:mushroom_stem":5,"minecraft:cobblestone":71,"minecraft:birch_wood":9,"minecraft:oak_planks":41,"minecraft:diorite":78,"minecraft:wall_torch":3,"minecraft:seagrass":1,"minecraft:white_terracotta":20,"minecraft:birch_planks":17,"minecraft:birch_log":45,"minecraft:wheat":3,"minecraft:birch_leaves":23,"minecraft:stripped_oak_wood":1,"minecraft:yellow_bed":5,"minecraft:stone_brick_stairs":3,"minecraft:grass":671,"minecraft:oak_log":60,"minecraft:coal_ore":109,"minecraft:oak_fence_gate":2,"minecraft:dirt":378,"minecraft:gravel":43,"minecraft:sand":245,"minecraft:terracotta":1,"minecraft:red_mushroom_block":45,"minecraft:stonecutter":1,"minecraft:stone_bricks":1,"minecraft:oak_leaves":25},"minecraft:crafted":{"minecraft:brick":10,"minecraft:oak_planks":40,"minecraft:stone_shovel":2,"minecraft:birch_wood":21,"minecraft:cooked_chicken":1,"minecraft:furnace":1,"minecraft:stone":51,"minecraft:bone_meal":6,"minecraft:cooked_mutton":2,"minecraft:glass_pane":16,"minecraft:flint_and_steel":1,"minecraft:glass":64,"minecraft:iron_boots":1,"minecraft:polished_diorite":76,"minecraft:iron_axe":1,"minecraft:ladder":9,"minecraft:stone_pickaxe":3,"minecraft:chest":2,"minecraft:bricks":2,"minecraft:stone_hoe":2,"minecraft:stone_bricks":40,"minecraft:cooked_porkchop":4,"minecraft:crafting_table":4,"minecraft:wooden_pickaxe":1,"minecraft:iron_helmet":1,"minecraft:iron_sword":1,"minecraft:cooked_salmon":1,"minecraft:polished_granite":4,"minecraft:pumpkin_seeds":12,"minecraft:oak_wood":3,"minecraft:bucket":2,"minecraft:birch_planks":76,"minecraft:stone_axe":3,"minecraft:stone_brick_stairs":8,"minecraft:iron_chestplate":1,"minecraft:shield":1,"minecraft:stick":56,"minecraft:iron_ingot":50,"minecraft:iron_pickaxe":3,"minecraft:iron_shovel":3,"minecraft:iron_leggings":1,"minecraft:torch":24,"minecraft:polished_diorite_stairs":8},"minecraft:dropped":{"minecraft:wheat_seeds":2,"minecraft:feather":4,"minecraft:cobblestone":60,"minecraft:granite":1,"minecraft:stick":6,"minecraft:red_mushroom":19,"minecraft:dirt":344,"minecraft:rose_bush":1,"minecraft:light_gray_stained_glass":8,"minecraft:iron_pickaxe":1,"minecraft:stripped_oak_wood":1,"minecraft:dandelion":2,"minecraft:bricks":2,"minecraft:stone_axe":3,"minecraft:birch_sapling":2,"minecraft:rotten_flesh":4,"minecraft:clay_ball":94,"minecraft:cooked_mutton":1,"minecraft:salmon":3,"minecraft:yellow_bed":1,"minecraft:sandstone":1,"minecraft:arrow":1,"minecraft:wooden_pickaxe":3,"minecraft:egg":3},"minecraft:used":{"minecraft:oak_fence":35,"minecraft:iron_shovel":775,"minecraft:stone_shovel":233,"minecraft:ladder":9,"minecraft:chest":2,"minecraft:stone":6,"minecraft:iron_sword":79,"minecraft:cooked_salmon":1,"minecraft:stone_hoe":132,"minecraft:cooked_chicken":1,"minecraft:torch":40,"minecraft:dirt":71,"minecraft:oak_wood":1,"minecraft:oak_fence_gate":2,"minecraft:polished_diorite":33,"minecraft:glass":48,"minecraft:iron_axe":173,"minecraft:birch_sapling":1,"minecraft:stone_brick_stairs":4,"minecraft:stone_bricks":29,"minecraft:beef":2,"minecraft:furnace":2,"minecraft:polished_diorite_stairs":3,"minecraft:pumpkin":2,"minecraft:wheat_seeds":88,"minecraft:cooked_mutton":2,"minecraft:water_bucket":9,"minecraft:birch_planks":90,"minecraft:stone_pickaxe":323,"minecraft:oak_planks":3,"minecraft:birch_wood":26,"minecraft:wooden_pickaxe":26,"minecraft:mossy_cobblestone":11,"minecraft:crafting_table":11,"minecraft:white_bed":3,"minecraft:pumpkin_seeds":12,"minecraft:oak_log":1,"minecraft:oxeye_daisy":1,"minecraft:iron_pickaxe":501,"minecraft:polished_granite":2,"minecraft:stone_axe":247,"minecraft:cobblestone":4,"minecraft:cooked_porkchop":4,"minecraft:bucket":10,"minecraft:glass_pane":10,"minecraft:yellow_bed":7,"minecraft:dandelion":1,"minecraft:bone_meal":6}},"DataVersion":2230}